subject,vertebra,file_dir
WS-63,1,dataset/cutout-folder/cutouts_tpt/WS-63/1
WS-63,2,dataset/cutout-folder/cutouts_tpt/WS-63/2
WS-63,3,dataset/cutout-folder/cutouts_tpt/WS-63/3
WS-63,4,dataset/cutout-folder/cutouts_tpt/WS-63/4
WS-63,5,dataset/cutout-folder/cutouts_tpt/WS-63/5
WS-63,6,dataset/cutout-folder/cutouts_tpt/WS-63/6
WS-63,7,dataset/cutout-folder/cutouts_tpt/WS-63/7
WS-63,8,dataset/cutout-folder/cutouts_tpt/WS-63/8
WS-63,9,dataset/cutout-folder/cutouts_tpt/WS-63/9
WS-63,10,dataset/cutout-folder/cutouts_tpt/WS-63/10
WS-63,11,dataset/cutout-folder/cutouts_tpt/WS-63/11
WS-63,12,dataset/cutout-folder/cutouts_tpt/WS-63/12
WS-63,13,dataset/cutout-folder/cutouts_tpt/WS-63/13
WS-63,14,dataset/cutout-folder/cutouts_tpt/WS-63/14
WS-63,15,dataset/cutout-folder/cutouts_tpt/WS-63/15
WS-63,16,dataset/cutout-folder/cutouts_tpt/WS-63/16
WS-63,17,dataset/cutout-folder/cutouts_tpt/WS-63/17
WS-63,18,dataset/cutout-folder/cutouts_tpt/WS-63/18
WS-63,19,dataset/cutout-folder/cutouts_tpt/WS-63/19
WS-63,20,dataset/cutout-folder/cutouts_tpt/WS-63/20
WS-63,21,dataset/cutout-folder/cutouts_tpt/WS-63/21
WS-63,22,dataset/cutout-folder/cutouts_tpt/WS-63/22
WS-63,23,dataset/cutout-folder/cutouts_tpt/WS-63/23
WS-63,24,dataset/cutout-folder/cutouts_tpt/WS-63/24
WS-05,1,dataset/cutout-folder/cutouts_tpt/WS-05/1
WS-05,2,dataset/cutout-folder/cutouts_tpt/WS-05/2
WS-05,3,dataset/cutout-folder/cutouts_tpt/WS-05/3
WS-05,4,dataset/cutout-folder/cutouts_tpt/WS-05/4
WS-05,5,dataset/cutout-folder/cutouts_tpt/WS-05/5
WS-05,6,dataset/cutout-folder/cutouts_tpt/WS-05/6
WS-05,7,dataset/cutout-folder/cutouts_tpt/WS-05/7
WS-05,8,dataset/cutout-folder/cutouts_tpt/WS-05/8
WS-05,9,dataset/cutout-folder/cutouts_tpt/WS-05/9
WS-05,10,dataset/cutout-folder/cutouts_tpt/WS-05/10
WS-05,11,dataset/cutout-folder/cutouts_tpt/WS-05/11
WS-05,12,dataset/cutout-folder/cutouts_tpt/WS-05/12
WS-05,13,dataset/cutout-folder/cutouts_tpt/WS-05/13
WS-05,14,dataset/cutout-folder/cutouts_tpt/WS-05/14
WS-05,15,dataset/cutout-folder/cutouts_tpt/WS-05/15
WS-05,16,dataset/cutout-folder/cutouts_tpt/WS-05/16
WS-05,17,dataset/cutout-folder/cutouts_tpt/WS-05/17
WS-05,18,dataset/cutout-folder/cutouts_tpt/WS-05/18
WS-05,19,dataset/cutout-folder/cutouts_tpt/WS-05/19
WS-05,20,dataset/cutout-folder/cutouts_tpt/WS-05/20
WS-05,21,dataset/cutout-folder/cutouts_tpt/WS-05/21
WS-05,22,dataset/cutout-folder/cutouts_tpt/WS-05/22
WS-05,23,dataset/cutout-folder/cutouts_tpt/WS-05/23
WS-05,24,dataset/cutout-folder/cutouts_tpt/WS-05/24
WS-22,1,dataset/cutout-folder/cutouts_tpt/WS-22/1
WS-22,2,dataset/cutout-folder/cutouts_tpt/WS-22/2
WS-22,3,dataset/cutout-folder/cutouts_tpt/WS-22/3
WS-22,4,dataset/cutout-folder/cutouts_tpt/WS-22/4
WS-22,5,dataset/cutout-folder/cutouts_tpt/WS-22/5
WS-22,6,dataset/cutout-folder/cutouts_tpt/WS-22/6
WS-22,7,dataset/cutout-folder/cutouts_tpt/WS-22/7
WS-22,8,dataset/cutout-folder/cutouts_tpt/WS-22/8
WS-22,9,dataset/cutout-folder/cutouts_tpt/WS-22/9
WS-22,10,dataset/cutout-folder/cutouts_tpt/WS-22/10
WS-22,11,dataset/cutout-folder/cutouts_tpt/WS-22/11
WS-22,12,dataset/cutout-folder/cutouts_tpt/WS-22/12
WS-22,13,dataset/cutout-folder/cutouts_tpt/WS-22/13
WS-22,14,dataset/cutout-folder/cutouts_tpt/WS-22/14
WS-22,15,dataset/cutout-folder/cutouts_tpt/WS-22/15
WS-22,16,dataset/cutout-folder/cutouts_tpt/WS-22/16
WS-22,17,dataset/cutout-folder/cutouts_tpt/WS-22/17
WS-22,18,dataset/cutout-folder/cutouts_tpt/WS-22/18
WS-22,19,dataset/cutout-folder/cutouts_tpt/WS-22/19
WS-22,20,dataset/cutout-folder/cutouts_tpt/WS-22/20
WS-22,21,dataset/cutout-folder/cutouts_tpt/WS-22/21
WS-22,22,dataset/cutout-folder/cutouts_tpt/WS-22/22
WS-22,23,dataset/cutout-folder/cutouts_tpt/WS-22/23
WS-22,24,dataset/cutout-folder/cutouts_tpt/WS-22/24
WS-00,1,dataset/cutout-folder/cutouts_tpt/WS-00/1
WS-00,2,dataset/cutout-folder/cutouts_tpt/WS-00/2
WS-00,3,dataset/cutout-folder/cutouts_tpt/WS-00/3
WS-00,4,dataset/cutout-folder/cutouts_tpt/WS-00/4
WS-00,5,dataset/cutout-folder/cutouts_tpt/WS-00/5
WS-00,6,dataset/cutout-folder/cutouts_tpt/WS-00/6
WS-00,7,dataset/cutout-folder/cutouts_tpt/WS-00/7
WS-00,8,dataset/cutout-folder/cutouts_tpt/WS-00/8
WS-00,9,dataset/cutout-folder/cutouts_tpt/WS-00/9
WS-00,10,dataset/cutout-folder/cutouts_tpt/WS-00/10
WS-00,11,dataset/cutout-folder/cutouts_tpt/WS-00/11
WS-00,12,dataset/cutout-folder/cutouts_tpt/WS-00/12
WS-00,13,dataset/cutout-folder/cutouts_tpt/WS-00/13
WS-00,14,dataset/cutout-folder/cutouts_tpt/WS-00/14
WS-00,15,dataset/cutout-folder/cutouts_tpt/WS-00/15
WS-00,16,dataset/cutout-folder/cutouts_tpt/WS-00/16
WS-00,17,dataset/cutout-folder/cutouts_tpt/WS-00/17
WS-00,18,dataset/cutout-folder/cutouts_tpt/WS-00/18
WS-00,19,dataset/cutout-folder/cutouts_tpt/WS-00/19
WS-00,20,dataset/cutout-folder/cutouts_tpt/WS-00/20
WS-00,21,dataset/cutout-folder/cutouts_tpt/WS-00/21
WS-00,22,dataset/cutout-folder/cutouts_tpt/WS-00/22
WS-00,23,dataset/cutout-folder/cutouts_tpt/WS-00/23
WS-00,24,dataset/cutout-folder/cutouts_tpt/WS-00/24
WS-52,1,dataset/cutout-folder/cutouts_tpt/WS-52/1
WS-52,2,dataset/cutout-folder/cutouts_tpt/WS-52/2
WS-52,3,dataset/cutout-folder/cutouts_tpt/WS-52/3
WS-52,4,dataset/cutout-folder/cutouts_tpt/WS-52/4
WS-52,5,dataset/cutout-folder/cutouts_tpt/WS-52/5
WS-52,6,dataset/cutout-folder/cutouts_tpt/WS-52/6
WS-52,7,dataset/cutout-folder/cutouts_tpt/WS-52/7
WS-52,8,dataset/cutout-folder/cutouts_tpt/WS-52/8
WS-52,9,dataset/cutout-folder/cutouts_tpt/WS-52/9
WS-52,10,dataset/cutout-folder/cutouts_tpt/WS-52/10
WS-52,11,dataset/cutout-folder/cutouts_tpt/WS-52/11
WS-52,12,dataset/cutout-folder/cutouts_tpt/WS-52/12
WS-52,13,dataset/cutout-folder/cutouts_tpt/WS-52/13
WS-52,14,dataset/cutout-folder/cutouts_tpt/WS-52/14
WS-52,15,dataset/cutout-folder/cutouts_tpt/WS-52/15
WS-52,16,dataset/cutout-folder/cutouts_tpt/WS-52/16
WS-52,17,dataset/cutout-folder/cutouts_tpt/WS-52/17
WS-52,18,dataset/cutout-folder/cutouts_tpt/WS-52/18
WS-52,19,dataset/cutout-folder/cutouts_tpt/WS-52/19
WS-52,20,dataset/cutout-folder/cutouts_tpt/WS-52/20
WS-52,21,dataset/cutout-folder/cutouts_tpt/WS-52/21
WS-52,22,dataset/cutout-folder/cutouts_tpt/WS-52/22
WS-52,23,dataset/cutout-folder/cutouts_tpt/WS-52/23
WS-52,24,dataset/cutout-folder/cutouts_tpt/WS-52/24
WS-56,1,dataset/cutout-folder/cutouts_tpt/WS-56/1
WS-56,2,dataset/cutout-folder/cutouts_tpt/WS-56/2
WS-56,3,dataset/cutout-folder/cutouts_tpt/WS-56/3
WS-56,4,dataset/cutout-folder/cutouts_tpt/WS-56/4
WS-56,5,dataset/cutout-folder/cutouts_tpt/WS-56/5
WS-56,6,dataset/cutout-folder/cutouts_tpt/WS-56/6
WS-56,7,dataset/cutout-folder/cutouts_tpt/WS-56/7
WS-56,8,dataset/cutout-folder/cutouts_tpt/WS-56/8
WS-56,9,dataset/cutout-folder/cutouts_tpt/WS-56/9
WS-56,10,dataset/cutout-folder/cutouts_tpt/WS-56/10
WS-56,11,dataset/cutout-folder/cutouts_tpt/WS-56/11
WS-56,12,dataset/cutout-folder/cutouts_tpt/WS-56/12
WS-56,13,dataset/cutout-folder/cutouts_tpt/WS-56/13
WS-56,14,dataset/cutout-folder/cutouts_tpt/WS-56/14
WS-56,15,dataset/cutout-folder/cutouts_tpt/WS-56/15
WS-56,16,dataset/cutout-folder/cutouts_tpt/WS-56/16
WS-56,17,dataset/cutout-folder/cutouts_tpt/WS-56/17
WS-56,18,dataset/cutout-folder/cutouts_tpt/WS-56/18
WS-56,19,dataset/cutout-folder/cutouts_tpt/WS-56/19
WS-56,20,dataset/cutout-folder/cutouts_tpt/WS-56/20
WS-56,21,dataset/cutout-folder/cutouts_tpt/WS-56/21
WS-56,22,dataset/cutout-folder/cutouts_tpt/WS-56/22
WS-56,23,dataset/cutout-folder/cutouts_tpt/WS-56/23
WS-56,24,dataset/cutout-folder/cutouts_tpt/WS-56/24
WS-36,1,dataset/cutout-folder/cutouts_tpt/WS-36/1
WS-36,2,dataset/cutout-folder/cutouts_tpt/WS-36/2
WS-36,3,dataset/cutout-folder/cutouts_tpt/WS-36/3
WS-36,4,dataset/cutout-folder/cutouts_tpt/WS-36/4
WS-36,5,dataset/cutout-folder/cutouts_tpt/WS-36/5
WS-36,6,dataset/cutout-folder/cutouts_tpt/WS-36/6
WS-36,7,dataset/cutout-folder/cutouts_tpt/WS-36/7
WS-36,8,dataset/cutout-folder/cutouts_tpt/WS-36/8
WS-36,9,dataset/cutout-folder/cutouts_tpt/WS-36/9
WS-36,10,dataset/cutout-folder/cutouts_tpt/WS-36/10
WS-36,11,dataset/cutout-folder/cutouts_tpt/WS-36/11
WS-36,12,dataset/cutout-folder/cutouts_tpt/WS-36/12
WS-36,13,dataset/cutout-folder/cutouts_tpt/WS-36/13
WS-36,14,dataset/cutout-folder/cutouts_tpt/WS-36/14
WS-36,15,dataset/cutout-folder/cutouts_tpt/WS-36/15
WS-36,16,dataset/cutout-folder/cutouts_tpt/WS-36/16
WS-36,17,dataset/cutout-folder/cutouts_tpt/WS-36/17
WS-36,18,dataset/cutout-folder/cutouts_tpt/WS-36/18
WS-36,19,dataset/cutout-folder/cutouts_tpt/WS-36/19
WS-36,20,dataset/cutout-folder/cutouts_tpt/WS-36/20
WS-36,21,dataset/cutout-folder/cutouts_tpt/WS-36/21
WS-36,22,dataset/cutout-folder/cutouts_tpt/WS-36/22
WS-36,23,dataset/cutout-folder/cutouts_tpt/WS-36/23
WS-36,24,dataset/cutout-folder/cutouts_tpt/WS-36/24
WS-62,1,dataset/cutout-folder/cutouts_tpt/WS-62/1
WS-62,2,dataset/cutout-folder/cutouts_tpt/WS-62/2
WS-62,3,dataset/cutout-folder/cutouts_tpt/WS-62/3
WS-62,4,dataset/cutout-folder/cutouts_tpt/WS-62/4
WS-62,5,dataset/cutout-folder/cutouts_tpt/WS-62/5
WS-62,6,dataset/cutout-folder/cutouts_tpt/WS-62/6
WS-62,7,dataset/cutout-folder/cutouts_tpt/WS-62/7
WS-62,8,dataset/cutout-folder/cutouts_tpt/WS-62/8
WS-62,9,dataset/cutout-folder/cutouts_tpt/WS-62/9
WS-62,10,dataset/cutout-folder/cutouts_tpt/WS-62/10
WS-62,11,dataset/cutout-folder/cutouts_tpt/WS-62/11
WS-62,12,dataset/cutout-folder/cutouts_tpt/WS-62/12
WS-62,13,dataset/cutout-folder/cutouts_tpt/WS-62/13
WS-62,14,dataset/cutout-folder/cutouts_tpt/WS-62/14
WS-62,15,dataset/cutout-folder/cutouts_tpt/WS-62/15
WS-62,16,dataset/cutout-folder/cutouts_tpt/WS-62/16
WS-62,17,dataset/cutout-folder/cutouts_tpt/WS-62/17
WS-62,18,dataset/cutout-folder/cutouts_tpt/WS-62/18
WS-62,19,dataset/cutout-folder/cutouts_tpt/WS-62/19
WS-62,20,dataset/cutout-folder/cutouts_tpt/WS-62/20
WS-62,21,dataset/cutout-folder/cutouts_tpt/WS-62/21
WS-62,22,dataset/cutout-folder/cutouts_tpt/WS-62/22
WS-62,23,dataset/cutout-folder/cutouts_tpt/WS-62/23
WS-62,24,dataset/cutout-folder/cutouts_tpt/WS-62/24
WS-15,1,dataset/cutout-folder/cutouts_tpt/WS-15/1
WS-15,2,dataset/cutout-folder/cutouts_tpt/WS-15/2
WS-15,3,dataset/cutout-folder/cutouts_tpt/WS-15/3
WS-15,4,dataset/cutout-folder/cutouts_tpt/WS-15/4
WS-15,5,dataset/cutout-folder/cutouts_tpt/WS-15/5
WS-15,6,dataset/cutout-folder/cutouts_tpt/WS-15/6
WS-15,7,dataset/cutout-folder/cutouts_tpt/WS-15/7
WS-15,8,dataset/cutout-folder/cutouts_tpt/WS-15/8
WS-15,9,dataset/cutout-folder/cutouts_tpt/WS-15/9
WS-15,10,dataset/cutout-folder/cutouts_tpt/WS-15/10
WS-15,11,dataset/cutout-folder/cutouts_tpt/WS-15/11
WS-15,12,dataset/cutout-folder/cutouts_tpt/WS-15/12
WS-15,13,dataset/cutout-folder/cutouts_tpt/WS-15/13
WS-15,14,dataset/cutout-folder/cutouts_tpt/WS-15/14
WS-15,15,dataset/cutout-folder/cutouts_tpt/WS-15/15
WS-15,16,dataset/cutout-folder/cutouts_tpt/WS-15/16
WS-15,17,dataset/cutout-folder/cutouts_tpt/WS-15/17
WS-15,18,dataset/cutout-folder/cutouts_tpt/WS-15/18
WS-15,19,dataset/cutout-folder/cutouts_tpt/WS-15/19
WS-15,20,dataset/cutout-folder/cutouts_tpt/WS-15/20
WS-15,21,dataset/cutout-folder/cutouts_tpt/WS-15/21
WS-15,22,dataset/cutout-folder/cutouts_tpt/WS-15/22
WS-15,23,dataset/cutout-folder/cutouts_tpt/WS-15/23
WS-15,24,dataset/cutout-folder/cutouts_tpt/WS-15/24
WS-26,1,dataset/cutout-folder/cutouts_tpt/WS-26/1
WS-26,2,dataset/cutout-folder/cutouts_tpt/WS-26/2
WS-26,3,dataset/cutout-folder/cutouts_tpt/WS-26/3
WS-26,4,dataset/cutout-folder/cutouts_tpt/WS-26/4
WS-26,5,dataset/cutout-folder/cutouts_tpt/WS-26/5
WS-26,6,dataset/cutout-folder/cutouts_tpt/WS-26/6
WS-26,7,dataset/cutout-folder/cutouts_tpt/WS-26/7
WS-26,8,dataset/cutout-folder/cutouts_tpt/WS-26/8
WS-26,9,dataset/cutout-folder/cutouts_tpt/WS-26/9
WS-26,10,dataset/cutout-folder/cutouts_tpt/WS-26/10
WS-26,11,dataset/cutout-folder/cutouts_tpt/WS-26/11
WS-26,12,dataset/cutout-folder/cutouts_tpt/WS-26/12
WS-26,13,dataset/cutout-folder/cutouts_tpt/WS-26/13
WS-26,14,dataset/cutout-folder/cutouts_tpt/WS-26/14
WS-26,15,dataset/cutout-folder/cutouts_tpt/WS-26/15
WS-26,16,dataset/cutout-folder/cutouts_tpt/WS-26/16
WS-26,17,dataset/cutout-folder/cutouts_tpt/WS-26/17
WS-26,18,dataset/cutout-folder/cutouts_tpt/WS-26/18
WS-26,19,dataset/cutout-folder/cutouts_tpt/WS-26/19
WS-26,20,dataset/cutout-folder/cutouts_tpt/WS-26/20
WS-26,21,dataset/cutout-folder/cutouts_tpt/WS-26/21
WS-26,22,dataset/cutout-folder/cutouts_tpt/WS-26/22
WS-26,23,dataset/cutout-folder/cutouts_tpt/WS-26/23
WS-26,24,dataset/cutout-folder/cutouts_tpt/WS-26/24
WS-25,7,dataset/cutout-folder/cutouts_tpt/WS-25/7
WS-25,8,dataset/cutout-folder/cutouts_tpt/WS-25/8
WS-25,9,dataset/cutout-folder/cutouts_tpt/WS-25/9
WS-25,10,dataset/cutout-folder/cutouts_tpt/WS-25/10
WS-25,11,dataset/cutout-folder/cutouts_tpt/WS-25/11
WS-25,12,dataset/cutout-folder/cutouts_tpt/WS-25/12
WS-25,13,dataset/cutout-folder/cutouts_tpt/WS-25/13
WS-25,14,dataset/cutout-folder/cutouts_tpt/WS-25/14
WS-25,15,dataset/cutout-folder/cutouts_tpt/WS-25/15
WS-25,16,dataset/cutout-folder/cutouts_tpt/WS-25/16
WS-25,17,dataset/cutout-folder/cutouts_tpt/WS-25/17
WS-25,18,dataset/cutout-folder/cutouts_tpt/WS-25/18
WS-25,19,dataset/cutout-folder/cutouts_tpt/WS-25/19
WS-25,20,dataset/cutout-folder/cutouts_tpt/WS-25/20
WS-25,21,dataset/cutout-folder/cutouts_tpt/WS-25/21
WS-25,22,dataset/cutout-folder/cutouts_tpt/WS-25/22
WS-25,23,dataset/cutout-folder/cutouts_tpt/WS-25/23
WS-25,24,dataset/cutout-folder/cutouts_tpt/WS-25/24
WS-38,1,dataset/cutout-folder/cutouts_tpt/WS-38/1
WS-38,2,dataset/cutout-folder/cutouts_tpt/WS-38/2
WS-38,3,dataset/cutout-folder/cutouts_tpt/WS-38/3
WS-38,4,dataset/cutout-folder/cutouts_tpt/WS-38/4
WS-38,5,dataset/cutout-folder/cutouts_tpt/WS-38/5
WS-38,6,dataset/cutout-folder/cutouts_tpt/WS-38/6
WS-38,7,dataset/cutout-folder/cutouts_tpt/WS-38/7
WS-38,8,dataset/cutout-folder/cutouts_tpt/WS-38/8
WS-38,9,dataset/cutout-folder/cutouts_tpt/WS-38/9
WS-38,10,dataset/cutout-folder/cutouts_tpt/WS-38/10
WS-38,11,dataset/cutout-folder/cutouts_tpt/WS-38/11
WS-38,12,dataset/cutout-folder/cutouts_tpt/WS-38/12
WS-38,13,dataset/cutout-folder/cutouts_tpt/WS-38/13
WS-38,14,dataset/cutout-folder/cutouts_tpt/WS-38/14
WS-38,15,dataset/cutout-folder/cutouts_tpt/WS-38/15
WS-38,16,dataset/cutout-folder/cutouts_tpt/WS-38/16
WS-38,17,dataset/cutout-folder/cutouts_tpt/WS-38/17
WS-38,18,dataset/cutout-folder/cutouts_tpt/WS-38/18
WS-38,19,dataset/cutout-folder/cutouts_tpt/WS-38/19
WS-38,20,dataset/cutout-folder/cutouts_tpt/WS-38/20
WS-38,21,dataset/cutout-folder/cutouts_tpt/WS-38/21
WS-38,22,dataset/cutout-folder/cutouts_tpt/WS-38/22
WS-38,23,dataset/cutout-folder/cutouts_tpt/WS-38/23
WS-38,24,dataset/cutout-folder/cutouts_tpt/WS-38/24
WS-19,1,dataset/cutout-folder/cutouts_tpt/WS-19/1
WS-19,2,dataset/cutout-folder/cutouts_tpt/WS-19/2
WS-19,3,dataset/cutout-folder/cutouts_tpt/WS-19/3
WS-19,4,dataset/cutout-folder/cutouts_tpt/WS-19/4
WS-19,5,dataset/cutout-folder/cutouts_tpt/WS-19/5
WS-19,6,dataset/cutout-folder/cutouts_tpt/WS-19/6
WS-19,7,dataset/cutout-folder/cutouts_tpt/WS-19/7
WS-19,8,dataset/cutout-folder/cutouts_tpt/WS-19/8
WS-19,9,dataset/cutout-folder/cutouts_tpt/WS-19/9
WS-19,10,dataset/cutout-folder/cutouts_tpt/WS-19/10
WS-19,11,dataset/cutout-folder/cutouts_tpt/WS-19/11
WS-19,12,dataset/cutout-folder/cutouts_tpt/WS-19/12
WS-19,13,dataset/cutout-folder/cutouts_tpt/WS-19/13
WS-19,14,dataset/cutout-folder/cutouts_tpt/WS-19/14
WS-19,15,dataset/cutout-folder/cutouts_tpt/WS-19/15
WS-19,16,dataset/cutout-folder/cutouts_tpt/WS-19/16
WS-19,17,dataset/cutout-folder/cutouts_tpt/WS-19/17
WS-19,18,dataset/cutout-folder/cutouts_tpt/WS-19/18
WS-19,19,dataset/cutout-folder/cutouts_tpt/WS-19/19
WS-19,20,dataset/cutout-folder/cutouts_tpt/WS-19/20
WS-19,21,dataset/cutout-folder/cutouts_tpt/WS-19/21
WS-19,22,dataset/cutout-folder/cutouts_tpt/WS-19/22
WS-19,23,dataset/cutout-folder/cutouts_tpt/WS-19/23
WS-19,24,dataset/cutout-folder/cutouts_tpt/WS-19/24
WS-47,1,dataset/cutout-folder/cutouts_tpt/WS-47/1
WS-47,2,dataset/cutout-folder/cutouts_tpt/WS-47/2
WS-47,3,dataset/cutout-folder/cutouts_tpt/WS-47/3
WS-47,4,dataset/cutout-folder/cutouts_tpt/WS-47/4
WS-47,5,dataset/cutout-folder/cutouts_tpt/WS-47/5
WS-47,6,dataset/cutout-folder/cutouts_tpt/WS-47/6
WS-47,7,dataset/cutout-folder/cutouts_tpt/WS-47/7
WS-47,8,dataset/cutout-folder/cutouts_tpt/WS-47/8
WS-47,9,dataset/cutout-folder/cutouts_tpt/WS-47/9
WS-47,10,dataset/cutout-folder/cutouts_tpt/WS-47/10
WS-47,11,dataset/cutout-folder/cutouts_tpt/WS-47/11
WS-47,12,dataset/cutout-folder/cutouts_tpt/WS-47/12
WS-47,13,dataset/cutout-folder/cutouts_tpt/WS-47/13
WS-47,14,dataset/cutout-folder/cutouts_tpt/WS-47/14
WS-47,15,dataset/cutout-folder/cutouts_tpt/WS-47/15
WS-47,16,dataset/cutout-folder/cutouts_tpt/WS-47/16
WS-47,17,dataset/cutout-folder/cutouts_tpt/WS-47/17
WS-47,18,dataset/cutout-folder/cutouts_tpt/WS-47/18
WS-47,19,dataset/cutout-folder/cutouts_tpt/WS-47/19
WS-47,20,dataset/cutout-folder/cutouts_tpt/WS-47/20
WS-47,21,dataset/cutout-folder/cutouts_tpt/WS-47/21
WS-47,22,dataset/cutout-folder/cutouts_tpt/WS-47/22
WS-47,23,dataset/cutout-folder/cutouts_tpt/WS-47/23
WS-47,24,dataset/cutout-folder/cutouts_tpt/WS-47/24
WS-46,1,dataset/cutout-folder/cutouts_tpt/WS-46/1
WS-46,2,dataset/cutout-folder/cutouts_tpt/WS-46/2
WS-46,3,dataset/cutout-folder/cutouts_tpt/WS-46/3
WS-46,4,dataset/cutout-folder/cutouts_tpt/WS-46/4
WS-46,5,dataset/cutout-folder/cutouts_tpt/WS-46/5
WS-46,6,dataset/cutout-folder/cutouts_tpt/WS-46/6
WS-46,7,dataset/cutout-folder/cutouts_tpt/WS-46/7
WS-46,8,dataset/cutout-folder/cutouts_tpt/WS-46/8
WS-46,9,dataset/cutout-folder/cutouts_tpt/WS-46/9
WS-46,10,dataset/cutout-folder/cutouts_tpt/WS-46/10
WS-46,11,dataset/cutout-folder/cutouts_tpt/WS-46/11
WS-46,12,dataset/cutout-folder/cutouts_tpt/WS-46/12
WS-46,13,dataset/cutout-folder/cutouts_tpt/WS-46/13
WS-46,14,dataset/cutout-folder/cutouts_tpt/WS-46/14
WS-46,15,dataset/cutout-folder/cutouts_tpt/WS-46/15
WS-46,16,dataset/cutout-folder/cutouts_tpt/WS-46/16
WS-46,17,dataset/cutout-folder/cutouts_tpt/WS-46/17
WS-46,18,dataset/cutout-folder/cutouts_tpt/WS-46/18
WS-46,19,dataset/cutout-folder/cutouts_tpt/WS-46/19
WS-46,20,dataset/cutout-folder/cutouts_tpt/WS-46/20
WS-46,21,dataset/cutout-folder/cutouts_tpt/WS-46/21
WS-46,22,dataset/cutout-folder/cutouts_tpt/WS-46/22
WS-46,23,dataset/cutout-folder/cutouts_tpt/WS-46/23
WS-46,24,dataset/cutout-folder/cutouts_tpt/WS-46/24
WS-07,1,dataset/cutout-folder/cutouts_tpt/WS-07/1
WS-07,2,dataset/cutout-folder/cutouts_tpt/WS-07/2
WS-07,3,dataset/cutout-folder/cutouts_tpt/WS-07/3
WS-07,4,dataset/cutout-folder/cutouts_tpt/WS-07/4
WS-07,5,dataset/cutout-folder/cutouts_tpt/WS-07/5
WS-07,6,dataset/cutout-folder/cutouts_tpt/WS-07/6
WS-07,7,dataset/cutout-folder/cutouts_tpt/WS-07/7
WS-07,8,dataset/cutout-folder/cutouts_tpt/WS-07/8
WS-07,9,dataset/cutout-folder/cutouts_tpt/WS-07/9
WS-07,10,dataset/cutout-folder/cutouts_tpt/WS-07/10
WS-07,11,dataset/cutout-folder/cutouts_tpt/WS-07/11
WS-07,12,dataset/cutout-folder/cutouts_tpt/WS-07/12
WS-07,13,dataset/cutout-folder/cutouts_tpt/WS-07/13
WS-07,14,dataset/cutout-folder/cutouts_tpt/WS-07/14
WS-07,15,dataset/cutout-folder/cutouts_tpt/WS-07/15
WS-07,16,dataset/cutout-folder/cutouts_tpt/WS-07/16
WS-07,17,dataset/cutout-folder/cutouts_tpt/WS-07/17
WS-07,18,dataset/cutout-folder/cutouts_tpt/WS-07/18
WS-07,19,dataset/cutout-folder/cutouts_tpt/WS-07/19
WS-07,20,dataset/cutout-folder/cutouts_tpt/WS-07/20
WS-07,21,dataset/cutout-folder/cutouts_tpt/WS-07/21
WS-07,22,dataset/cutout-folder/cutouts_tpt/WS-07/22
WS-07,23,dataset/cutout-folder/cutouts_tpt/WS-07/23
WS-07,24,dataset/cutout-folder/cutouts_tpt/WS-07/24
WS-34,1,dataset/cutout-folder/cutouts_tpt/WS-34/1
WS-34,2,dataset/cutout-folder/cutouts_tpt/WS-34/2
WS-34,3,dataset/cutout-folder/cutouts_tpt/WS-34/3
WS-34,4,dataset/cutout-folder/cutouts_tpt/WS-34/4
WS-34,5,dataset/cutout-folder/cutouts_tpt/WS-34/5
WS-34,6,dataset/cutout-folder/cutouts_tpt/WS-34/6
WS-34,7,dataset/cutout-folder/cutouts_tpt/WS-34/7
WS-34,8,dataset/cutout-folder/cutouts_tpt/WS-34/8
WS-34,9,dataset/cutout-folder/cutouts_tpt/WS-34/9
WS-34,10,dataset/cutout-folder/cutouts_tpt/WS-34/10
WS-34,11,dataset/cutout-folder/cutouts_tpt/WS-34/11
WS-34,12,dataset/cutout-folder/cutouts_tpt/WS-34/12
WS-34,13,dataset/cutout-folder/cutouts_tpt/WS-34/13
WS-34,14,dataset/cutout-folder/cutouts_tpt/WS-34/14
WS-34,15,dataset/cutout-folder/cutouts_tpt/WS-34/15
WS-34,16,dataset/cutout-folder/cutouts_tpt/WS-34/16
WS-34,17,dataset/cutout-folder/cutouts_tpt/WS-34/17
WS-34,18,dataset/cutout-folder/cutouts_tpt/WS-34/18
WS-34,19,dataset/cutout-folder/cutouts_tpt/WS-34/19
WS-34,20,dataset/cutout-folder/cutouts_tpt/WS-34/20
WS-34,21,dataset/cutout-folder/cutouts_tpt/WS-34/21
WS-34,22,dataset/cutout-folder/cutouts_tpt/WS-34/22
WS-34,23,dataset/cutout-folder/cutouts_tpt/WS-34/23
WS-34,24,dataset/cutout-folder/cutouts_tpt/WS-34/24
WS-17,1,dataset/cutout-folder/cutouts_tpt/WS-17/1
WS-17,2,dataset/cutout-folder/cutouts_tpt/WS-17/2
WS-17,3,dataset/cutout-folder/cutouts_tpt/WS-17/3
WS-17,4,dataset/cutout-folder/cutouts_tpt/WS-17/4
WS-17,5,dataset/cutout-folder/cutouts_tpt/WS-17/5
WS-17,6,dataset/cutout-folder/cutouts_tpt/WS-17/6
WS-17,7,dataset/cutout-folder/cutouts_tpt/WS-17/7
WS-17,8,dataset/cutout-folder/cutouts_tpt/WS-17/8
WS-17,9,dataset/cutout-folder/cutouts_tpt/WS-17/9
WS-17,10,dataset/cutout-folder/cutouts_tpt/WS-17/10
WS-17,11,dataset/cutout-folder/cutouts_tpt/WS-17/11
WS-17,12,dataset/cutout-folder/cutouts_tpt/WS-17/12
WS-17,13,dataset/cutout-folder/cutouts_tpt/WS-17/13
WS-17,14,dataset/cutout-folder/cutouts_tpt/WS-17/14
WS-17,15,dataset/cutout-folder/cutouts_tpt/WS-17/15
WS-17,16,dataset/cutout-folder/cutouts_tpt/WS-17/16
WS-17,17,dataset/cutout-folder/cutouts_tpt/WS-17/17
WS-17,18,dataset/cutout-folder/cutouts_tpt/WS-17/18
WS-17,19,dataset/cutout-folder/cutouts_tpt/WS-17/19
WS-17,20,dataset/cutout-folder/cutouts_tpt/WS-17/20
WS-17,21,dataset/cutout-folder/cutouts_tpt/WS-17/21
WS-17,22,dataset/cutout-folder/cutouts_tpt/WS-17/22
WS-17,23,dataset/cutout-folder/cutouts_tpt/WS-17/23
WS-17,24,dataset/cutout-folder/cutouts_tpt/WS-17/24
WS-50,1,dataset/cutout-folder/cutouts_tpt/WS-50/1
WS-50,2,dataset/cutout-folder/cutouts_tpt/WS-50/2
WS-50,3,dataset/cutout-folder/cutouts_tpt/WS-50/3
WS-50,4,dataset/cutout-folder/cutouts_tpt/WS-50/4
WS-50,5,dataset/cutout-folder/cutouts_tpt/WS-50/5
WS-50,6,dataset/cutout-folder/cutouts_tpt/WS-50/6
WS-50,7,dataset/cutout-folder/cutouts_tpt/WS-50/7
WS-50,8,dataset/cutout-folder/cutouts_tpt/WS-50/8
WS-50,9,dataset/cutout-folder/cutouts_tpt/WS-50/9
WS-50,10,dataset/cutout-folder/cutouts_tpt/WS-50/10
WS-50,11,dataset/cutout-folder/cutouts_tpt/WS-50/11
WS-50,12,dataset/cutout-folder/cutouts_tpt/WS-50/12
WS-50,13,dataset/cutout-folder/cutouts_tpt/WS-50/13
WS-50,14,dataset/cutout-folder/cutouts_tpt/WS-50/14
WS-50,15,dataset/cutout-folder/cutouts_tpt/WS-50/15
WS-50,16,dataset/cutout-folder/cutouts_tpt/WS-50/16
WS-50,17,dataset/cutout-folder/cutouts_tpt/WS-50/17
WS-50,18,dataset/cutout-folder/cutouts_tpt/WS-50/18
WS-50,19,dataset/cutout-folder/cutouts_tpt/WS-50/19
WS-50,20,dataset/cutout-folder/cutouts_tpt/WS-50/20
WS-50,21,dataset/cutout-folder/cutouts_tpt/WS-50/21
WS-50,22,dataset/cutout-folder/cutouts_tpt/WS-50/22
WS-50,23,dataset/cutout-folder/cutouts_tpt/WS-50/23
WS-50,24,dataset/cutout-folder/cutouts_tpt/WS-50/24
WS-43,1,dataset/cutout-folder/cutouts_tpt/WS-43/1
WS-43,2,dataset/cutout-folder/cutouts_tpt/WS-43/2
WS-43,3,dataset/cutout-folder/cutouts_tpt/WS-43/3
WS-43,4,dataset/cutout-folder/cutouts_tpt/WS-43/4
WS-43,5,dataset/cutout-folder/cutouts_tpt/WS-43/5
WS-43,6,dataset/cutout-folder/cutouts_tpt/WS-43/6
WS-43,7,dataset/cutout-folder/cutouts_tpt/WS-43/7
WS-43,8,dataset/cutout-folder/cutouts_tpt/WS-43/8
WS-43,9,dataset/cutout-folder/cutouts_tpt/WS-43/9
WS-43,10,dataset/cutout-folder/cutouts_tpt/WS-43/10
WS-43,11,dataset/cutout-folder/cutouts_tpt/WS-43/11
WS-43,12,dataset/cutout-folder/cutouts_tpt/WS-43/12
WS-43,13,dataset/cutout-folder/cutouts_tpt/WS-43/13
WS-43,14,dataset/cutout-folder/cutouts_tpt/WS-43/14
WS-43,15,dataset/cutout-folder/cutouts_tpt/WS-43/15
WS-43,16,dataset/cutout-folder/cutouts_tpt/WS-43/16
WS-43,17,dataset/cutout-folder/cutouts_tpt/WS-43/17
WS-43,18,dataset/cutout-folder/cutouts_tpt/WS-43/18
WS-43,19,dataset/cutout-folder/cutouts_tpt/WS-43/19
WS-43,20,dataset/cutout-folder/cutouts_tpt/WS-43/20
WS-43,21,dataset/cutout-folder/cutouts_tpt/WS-43/21
WS-43,22,dataset/cutout-folder/cutouts_tpt/WS-43/22
WS-43,23,dataset/cutout-folder/cutouts_tpt/WS-43/23
WS-43,24,dataset/cutout-folder/cutouts_tpt/WS-43/24
WS-55,1,dataset/cutout-folder/cutouts_tpt/WS-55/1
WS-55,2,dataset/cutout-folder/cutouts_tpt/WS-55/2
WS-55,3,dataset/cutout-folder/cutouts_tpt/WS-55/3
WS-55,4,dataset/cutout-folder/cutouts_tpt/WS-55/4
WS-55,5,dataset/cutout-folder/cutouts_tpt/WS-55/5
WS-55,6,dataset/cutout-folder/cutouts_tpt/WS-55/6
WS-55,7,dataset/cutout-folder/cutouts_tpt/WS-55/7
WS-55,8,dataset/cutout-folder/cutouts_tpt/WS-55/8
WS-55,9,dataset/cutout-folder/cutouts_tpt/WS-55/9
WS-55,10,dataset/cutout-folder/cutouts_tpt/WS-55/10
WS-55,11,dataset/cutout-folder/cutouts_tpt/WS-55/11
WS-55,12,dataset/cutout-folder/cutouts_tpt/WS-55/12
WS-55,13,dataset/cutout-folder/cutouts_tpt/WS-55/13
WS-55,14,dataset/cutout-folder/cutouts_tpt/WS-55/14
WS-55,15,dataset/cutout-folder/cutouts_tpt/WS-55/15
WS-55,16,dataset/cutout-folder/cutouts_tpt/WS-55/16
WS-55,17,dataset/cutout-folder/cutouts_tpt/WS-55/17
WS-55,18,dataset/cutout-folder/cutouts_tpt/WS-55/18
WS-55,19,dataset/cutout-folder/cutouts_tpt/WS-55/19
WS-55,20,dataset/cutout-folder/cutouts_tpt/WS-55/20
WS-55,21,dataset/cutout-folder/cutouts_tpt/WS-55/21
WS-55,22,dataset/cutout-folder/cutouts_tpt/WS-55/22
WS-55,23,dataset/cutout-folder/cutouts_tpt/WS-55/23
WS-55,24,dataset/cutout-folder/cutouts_tpt/WS-55/24
WS-09,1,dataset/cutout-folder/cutouts_tpt/WS-09/1
WS-09,2,dataset/cutout-folder/cutouts_tpt/WS-09/2
WS-09,3,dataset/cutout-folder/cutouts_tpt/WS-09/3
WS-09,4,dataset/cutout-folder/cutouts_tpt/WS-09/4
WS-09,5,dataset/cutout-folder/cutouts_tpt/WS-09/5
WS-09,6,dataset/cutout-folder/cutouts_tpt/WS-09/6
WS-09,7,dataset/cutout-folder/cutouts_tpt/WS-09/7
WS-09,8,dataset/cutout-folder/cutouts_tpt/WS-09/8
WS-09,9,dataset/cutout-folder/cutouts_tpt/WS-09/9
WS-09,10,dataset/cutout-folder/cutouts_tpt/WS-09/10
WS-09,11,dataset/cutout-folder/cutouts_tpt/WS-09/11
WS-09,12,dataset/cutout-folder/cutouts_tpt/WS-09/12
WS-09,13,dataset/cutout-folder/cutouts_tpt/WS-09/13
WS-09,14,dataset/cutout-folder/cutouts_tpt/WS-09/14
WS-09,15,dataset/cutout-folder/cutouts_tpt/WS-09/15
WS-09,16,dataset/cutout-folder/cutouts_tpt/WS-09/16
WS-09,17,dataset/cutout-folder/cutouts_tpt/WS-09/17
WS-09,18,dataset/cutout-folder/cutouts_tpt/WS-09/18
WS-09,19,dataset/cutout-folder/cutouts_tpt/WS-09/19
WS-09,20,dataset/cutout-folder/cutouts_tpt/WS-09/20
WS-09,21,dataset/cutout-folder/cutouts_tpt/WS-09/21
WS-09,22,dataset/cutout-folder/cutouts_tpt/WS-09/22
WS-09,23,dataset/cutout-folder/cutouts_tpt/WS-09/23
WS-09,24,dataset/cutout-folder/cutouts_tpt/WS-09/24
WS-23,1,dataset/cutout-folder/cutouts_tpt/WS-23/1
WS-23,2,dataset/cutout-folder/cutouts_tpt/WS-23/2
WS-23,3,dataset/cutout-folder/cutouts_tpt/WS-23/3
WS-23,4,dataset/cutout-folder/cutouts_tpt/WS-23/4
WS-23,5,dataset/cutout-folder/cutouts_tpt/WS-23/5
WS-23,6,dataset/cutout-folder/cutouts_tpt/WS-23/6
WS-23,7,dataset/cutout-folder/cutouts_tpt/WS-23/7
WS-23,8,dataset/cutout-folder/cutouts_tpt/WS-23/8
WS-23,9,dataset/cutout-folder/cutouts_tpt/WS-23/9
WS-23,10,dataset/cutout-folder/cutouts_tpt/WS-23/10
WS-23,11,dataset/cutout-folder/cutouts_tpt/WS-23/11
WS-23,12,dataset/cutout-folder/cutouts_tpt/WS-23/12
WS-23,13,dataset/cutout-folder/cutouts_tpt/WS-23/13
WS-23,14,dataset/cutout-folder/cutouts_tpt/WS-23/14
WS-23,15,dataset/cutout-folder/cutouts_tpt/WS-23/15
WS-23,16,dataset/cutout-folder/cutouts_tpt/WS-23/16
WS-23,17,dataset/cutout-folder/cutouts_tpt/WS-23/17
WS-23,18,dataset/cutout-folder/cutouts_tpt/WS-23/18
WS-23,19,dataset/cutout-folder/cutouts_tpt/WS-23/19
WS-23,20,dataset/cutout-folder/cutouts_tpt/WS-23/20
WS-23,21,dataset/cutout-folder/cutouts_tpt/WS-23/21
WS-23,22,dataset/cutout-folder/cutouts_tpt/WS-23/22
WS-23,23,dataset/cutout-folder/cutouts_tpt/WS-23/23
WS-23,24,dataset/cutout-folder/cutouts_tpt/WS-23/24
WS-13,1,dataset/cutout-folder/cutouts_tpt/WS-13/1
WS-13,2,dataset/cutout-folder/cutouts_tpt/WS-13/2
WS-13,3,dataset/cutout-folder/cutouts_tpt/WS-13/3
WS-13,4,dataset/cutout-folder/cutouts_tpt/WS-13/4
WS-13,5,dataset/cutout-folder/cutouts_tpt/WS-13/5
WS-13,6,dataset/cutout-folder/cutouts_tpt/WS-13/6
WS-13,7,dataset/cutout-folder/cutouts_tpt/WS-13/7
WS-13,8,dataset/cutout-folder/cutouts_tpt/WS-13/8
WS-13,9,dataset/cutout-folder/cutouts_tpt/WS-13/9
WS-13,10,dataset/cutout-folder/cutouts_tpt/WS-13/10
WS-13,11,dataset/cutout-folder/cutouts_tpt/WS-13/11
WS-13,12,dataset/cutout-folder/cutouts_tpt/WS-13/12
WS-13,13,dataset/cutout-folder/cutouts_tpt/WS-13/13
WS-13,14,dataset/cutout-folder/cutouts_tpt/WS-13/14
WS-13,15,dataset/cutout-folder/cutouts_tpt/WS-13/15
WS-13,16,dataset/cutout-folder/cutouts_tpt/WS-13/16
WS-13,17,dataset/cutout-folder/cutouts_tpt/WS-13/17
WS-13,18,dataset/cutout-folder/cutouts_tpt/WS-13/18
WS-13,19,dataset/cutout-folder/cutouts_tpt/WS-13/19
WS-13,20,dataset/cutout-folder/cutouts_tpt/WS-13/20
WS-13,21,dataset/cutout-folder/cutouts_tpt/WS-13/21
WS-13,22,dataset/cutout-folder/cutouts_tpt/WS-13/22
WS-13,23,dataset/cutout-folder/cutouts_tpt/WS-13/23
WS-13,24,dataset/cutout-folder/cutouts_tpt/WS-13/24
WS-18,1,dataset/cutout-folder/cutouts_tpt/WS-18/1
WS-18,2,dataset/cutout-folder/cutouts_tpt/WS-18/2
WS-18,3,dataset/cutout-folder/cutouts_tpt/WS-18/3
WS-18,4,dataset/cutout-folder/cutouts_tpt/WS-18/4
WS-18,5,dataset/cutout-folder/cutouts_tpt/WS-18/5
WS-18,6,dataset/cutout-folder/cutouts_tpt/WS-18/6
WS-18,7,dataset/cutout-folder/cutouts_tpt/WS-18/7
WS-18,8,dataset/cutout-folder/cutouts_tpt/WS-18/8
WS-18,9,dataset/cutout-folder/cutouts_tpt/WS-18/9
WS-18,10,dataset/cutout-folder/cutouts_tpt/WS-18/10
WS-18,11,dataset/cutout-folder/cutouts_tpt/WS-18/11
WS-18,12,dataset/cutout-folder/cutouts_tpt/WS-18/12
WS-18,13,dataset/cutout-folder/cutouts_tpt/WS-18/13
WS-18,14,dataset/cutout-folder/cutouts_tpt/WS-18/14
WS-18,15,dataset/cutout-folder/cutouts_tpt/WS-18/15
WS-18,16,dataset/cutout-folder/cutouts_tpt/WS-18/16
WS-18,17,dataset/cutout-folder/cutouts_tpt/WS-18/17
WS-18,18,dataset/cutout-folder/cutouts_tpt/WS-18/18
WS-18,19,dataset/cutout-folder/cutouts_tpt/WS-18/19
WS-18,20,dataset/cutout-folder/cutouts_tpt/WS-18/20
WS-18,21,dataset/cutout-folder/cutouts_tpt/WS-18/21
WS-18,22,dataset/cutout-folder/cutouts_tpt/WS-18/22
WS-18,23,dataset/cutout-folder/cutouts_tpt/WS-18/23
WS-18,24,dataset/cutout-folder/cutouts_tpt/WS-18/24
WS-16,1,dataset/cutout-folder/cutouts_tpt/WS-16/1
WS-16,2,dataset/cutout-folder/cutouts_tpt/WS-16/2
WS-16,3,dataset/cutout-folder/cutouts_tpt/WS-16/3
WS-16,4,dataset/cutout-folder/cutouts_tpt/WS-16/4
WS-16,5,dataset/cutout-folder/cutouts_tpt/WS-16/5
WS-16,6,dataset/cutout-folder/cutouts_tpt/WS-16/6
WS-16,7,dataset/cutout-folder/cutouts_tpt/WS-16/7
WS-16,8,dataset/cutout-folder/cutouts_tpt/WS-16/8
WS-16,9,dataset/cutout-folder/cutouts_tpt/WS-16/9
WS-16,10,dataset/cutout-folder/cutouts_tpt/WS-16/10
WS-16,11,dataset/cutout-folder/cutouts_tpt/WS-16/11
WS-16,12,dataset/cutout-folder/cutouts_tpt/WS-16/12
WS-16,13,dataset/cutout-folder/cutouts_tpt/WS-16/13
WS-16,14,dataset/cutout-folder/cutouts_tpt/WS-16/14
WS-16,15,dataset/cutout-folder/cutouts_tpt/WS-16/15
WS-16,16,dataset/cutout-folder/cutouts_tpt/WS-16/16
WS-16,17,dataset/cutout-folder/cutouts_tpt/WS-16/17
WS-16,18,dataset/cutout-folder/cutouts_tpt/WS-16/18
WS-16,19,dataset/cutout-folder/cutouts_tpt/WS-16/19
WS-16,20,dataset/cutout-folder/cutouts_tpt/WS-16/20
WS-16,21,dataset/cutout-folder/cutouts_tpt/WS-16/21
WS-16,22,dataset/cutout-folder/cutouts_tpt/WS-16/22
WS-16,23,dataset/cutout-folder/cutouts_tpt/WS-16/23
WS-16,24,dataset/cutout-folder/cutouts_tpt/WS-16/24
WS-06,1,dataset/cutout-folder/cutouts_tpt/WS-06/1
WS-06,2,dataset/cutout-folder/cutouts_tpt/WS-06/2
WS-06,3,dataset/cutout-folder/cutouts_tpt/WS-06/3
WS-06,4,dataset/cutout-folder/cutouts_tpt/WS-06/4
WS-06,5,dataset/cutout-folder/cutouts_tpt/WS-06/5
WS-06,6,dataset/cutout-folder/cutouts_tpt/WS-06/6
WS-06,7,dataset/cutout-folder/cutouts_tpt/WS-06/7
WS-06,8,dataset/cutout-folder/cutouts_tpt/WS-06/8
WS-06,9,dataset/cutout-folder/cutouts_tpt/WS-06/9
WS-06,10,dataset/cutout-folder/cutouts_tpt/WS-06/10
WS-06,11,dataset/cutout-folder/cutouts_tpt/WS-06/11
WS-06,12,dataset/cutout-folder/cutouts_tpt/WS-06/12
WS-06,13,dataset/cutout-folder/cutouts_tpt/WS-06/13
WS-06,14,dataset/cutout-folder/cutouts_tpt/WS-06/14
WS-06,15,dataset/cutout-folder/cutouts_tpt/WS-06/15
WS-06,16,dataset/cutout-folder/cutouts_tpt/WS-06/16
WS-06,17,dataset/cutout-folder/cutouts_tpt/WS-06/17
WS-06,18,dataset/cutout-folder/cutouts_tpt/WS-06/18
WS-06,19,dataset/cutout-folder/cutouts_tpt/WS-06/19
WS-06,20,dataset/cutout-folder/cutouts_tpt/WS-06/20
WS-06,21,dataset/cutout-folder/cutouts_tpt/WS-06/21
WS-06,22,dataset/cutout-folder/cutouts_tpt/WS-06/22
WS-06,23,dataset/cutout-folder/cutouts_tpt/WS-06/23
WS-06,24,dataset/cutout-folder/cutouts_tpt/WS-06/24
WS-48,1,dataset/cutout-folder/cutouts_tpt/WS-48/1
WS-48,2,dataset/cutout-folder/cutouts_tpt/WS-48/2
WS-48,3,dataset/cutout-folder/cutouts_tpt/WS-48/3
WS-48,4,dataset/cutout-folder/cutouts_tpt/WS-48/4
WS-48,5,dataset/cutout-folder/cutouts_tpt/WS-48/5
WS-48,6,dataset/cutout-folder/cutouts_tpt/WS-48/6
WS-48,7,dataset/cutout-folder/cutouts_tpt/WS-48/7
WS-48,8,dataset/cutout-folder/cutouts_tpt/WS-48/8
WS-48,9,dataset/cutout-folder/cutouts_tpt/WS-48/9
WS-48,10,dataset/cutout-folder/cutouts_tpt/WS-48/10
WS-48,11,dataset/cutout-folder/cutouts_tpt/WS-48/11
WS-48,12,dataset/cutout-folder/cutouts_tpt/WS-48/12
WS-48,13,dataset/cutout-folder/cutouts_tpt/WS-48/13
WS-48,14,dataset/cutout-folder/cutouts_tpt/WS-48/14
WS-48,15,dataset/cutout-folder/cutouts_tpt/WS-48/15
WS-48,16,dataset/cutout-folder/cutouts_tpt/WS-48/16
WS-48,17,dataset/cutout-folder/cutouts_tpt/WS-48/17
WS-48,18,dataset/cutout-folder/cutouts_tpt/WS-48/18
WS-48,19,dataset/cutout-folder/cutouts_tpt/WS-48/19
WS-48,20,dataset/cutout-folder/cutouts_tpt/WS-48/20
WS-48,21,dataset/cutout-folder/cutouts_tpt/WS-48/21
WS-48,22,dataset/cutout-folder/cutouts_tpt/WS-48/22
WS-48,23,dataset/cutout-folder/cutouts_tpt/WS-48/23
WS-48,24,dataset/cutout-folder/cutouts_tpt/WS-48/24
WS-45,1,dataset/cutout-folder/cutouts_tpt/WS-45/1
WS-45,2,dataset/cutout-folder/cutouts_tpt/WS-45/2
WS-45,3,dataset/cutout-folder/cutouts_tpt/WS-45/3
WS-45,4,dataset/cutout-folder/cutouts_tpt/WS-45/4
WS-45,5,dataset/cutout-folder/cutouts_tpt/WS-45/5
WS-45,6,dataset/cutout-folder/cutouts_tpt/WS-45/6
WS-45,7,dataset/cutout-folder/cutouts_tpt/WS-45/7
WS-45,8,dataset/cutout-folder/cutouts_tpt/WS-45/8
WS-45,9,dataset/cutout-folder/cutouts_tpt/WS-45/9
WS-45,10,dataset/cutout-folder/cutouts_tpt/WS-45/10
WS-45,11,dataset/cutout-folder/cutouts_tpt/WS-45/11
WS-45,12,dataset/cutout-folder/cutouts_tpt/WS-45/12
WS-45,13,dataset/cutout-folder/cutouts_tpt/WS-45/13
WS-45,14,dataset/cutout-folder/cutouts_tpt/WS-45/14
WS-45,15,dataset/cutout-folder/cutouts_tpt/WS-45/15
WS-45,16,dataset/cutout-folder/cutouts_tpt/WS-45/16
WS-45,17,dataset/cutout-folder/cutouts_tpt/WS-45/17
WS-45,18,dataset/cutout-folder/cutouts_tpt/WS-45/18
WS-45,19,dataset/cutout-folder/cutouts_tpt/WS-45/19
WS-45,20,dataset/cutout-folder/cutouts_tpt/WS-45/20
WS-45,21,dataset/cutout-folder/cutouts_tpt/WS-45/21
WS-45,22,dataset/cutout-folder/cutouts_tpt/WS-45/22
WS-45,23,dataset/cutout-folder/cutouts_tpt/WS-45/23
WS-45,24,dataset/cutout-folder/cutouts_tpt/WS-45/24
WS-53,1,dataset/cutout-folder/cutouts_tpt/WS-53/1
WS-53,2,dataset/cutout-folder/cutouts_tpt/WS-53/2
WS-53,3,dataset/cutout-folder/cutouts_tpt/WS-53/3
WS-53,4,dataset/cutout-folder/cutouts_tpt/WS-53/4
WS-53,5,dataset/cutout-folder/cutouts_tpt/WS-53/5
WS-53,6,dataset/cutout-folder/cutouts_tpt/WS-53/6
WS-53,7,dataset/cutout-folder/cutouts_tpt/WS-53/7
WS-53,8,dataset/cutout-folder/cutouts_tpt/WS-53/8
WS-53,9,dataset/cutout-folder/cutouts_tpt/WS-53/9
WS-53,10,dataset/cutout-folder/cutouts_tpt/WS-53/10
WS-53,11,dataset/cutout-folder/cutouts_tpt/WS-53/11
WS-53,12,dataset/cutout-folder/cutouts_tpt/WS-53/12
WS-53,13,dataset/cutout-folder/cutouts_tpt/WS-53/13
WS-53,14,dataset/cutout-folder/cutouts_tpt/WS-53/14
WS-53,15,dataset/cutout-folder/cutouts_tpt/WS-53/15
WS-53,16,dataset/cutout-folder/cutouts_tpt/WS-53/16
WS-53,17,dataset/cutout-folder/cutouts_tpt/WS-53/17
WS-53,18,dataset/cutout-folder/cutouts_tpt/WS-53/18
WS-53,19,dataset/cutout-folder/cutouts_tpt/WS-53/19
WS-53,20,dataset/cutout-folder/cutouts_tpt/WS-53/20
WS-53,21,dataset/cutout-folder/cutouts_tpt/WS-53/21
WS-53,22,dataset/cutout-folder/cutouts_tpt/WS-53/22
WS-53,23,dataset/cutout-folder/cutouts_tpt/WS-53/23
WS-53,24,dataset/cutout-folder/cutouts_tpt/WS-53/24
WS-31,1,dataset/cutout-folder/cutouts_tpt/WS-31/1
WS-31,2,dataset/cutout-folder/cutouts_tpt/WS-31/2
WS-31,3,dataset/cutout-folder/cutouts_tpt/WS-31/3
WS-31,4,dataset/cutout-folder/cutouts_tpt/WS-31/4
WS-31,5,dataset/cutout-folder/cutouts_tpt/WS-31/5
WS-31,6,dataset/cutout-folder/cutouts_tpt/WS-31/6
WS-31,7,dataset/cutout-folder/cutouts_tpt/WS-31/7
WS-31,8,dataset/cutout-folder/cutouts_tpt/WS-31/8
WS-31,9,dataset/cutout-folder/cutouts_tpt/WS-31/9
WS-31,10,dataset/cutout-folder/cutouts_tpt/WS-31/10
WS-31,11,dataset/cutout-folder/cutouts_tpt/WS-31/11
WS-31,12,dataset/cutout-folder/cutouts_tpt/WS-31/12
WS-31,13,dataset/cutout-folder/cutouts_tpt/WS-31/13
WS-31,14,dataset/cutout-folder/cutouts_tpt/WS-31/14
WS-31,15,dataset/cutout-folder/cutouts_tpt/WS-31/15
WS-31,16,dataset/cutout-folder/cutouts_tpt/WS-31/16
WS-31,17,dataset/cutout-folder/cutouts_tpt/WS-31/17
WS-31,18,dataset/cutout-folder/cutouts_tpt/WS-31/18
WS-31,19,dataset/cutout-folder/cutouts_tpt/WS-31/19
WS-31,20,dataset/cutout-folder/cutouts_tpt/WS-31/20
WS-31,21,dataset/cutout-folder/cutouts_tpt/WS-31/21
WS-31,22,dataset/cutout-folder/cutouts_tpt/WS-31/22
WS-31,23,dataset/cutout-folder/cutouts_tpt/WS-31/23
WS-31,24,dataset/cutout-folder/cutouts_tpt/WS-31/24
WS-30,1,dataset/cutout-folder/cutouts_tpt/WS-30/1
WS-30,2,dataset/cutout-folder/cutouts_tpt/WS-30/2
WS-30,3,dataset/cutout-folder/cutouts_tpt/WS-30/3
WS-30,4,dataset/cutout-folder/cutouts_tpt/WS-30/4
WS-30,5,dataset/cutout-folder/cutouts_tpt/WS-30/5
WS-30,6,dataset/cutout-folder/cutouts_tpt/WS-30/6
WS-30,7,dataset/cutout-folder/cutouts_tpt/WS-30/7
WS-30,8,dataset/cutout-folder/cutouts_tpt/WS-30/8
WS-30,9,dataset/cutout-folder/cutouts_tpt/WS-30/9
WS-30,10,dataset/cutout-folder/cutouts_tpt/WS-30/10
WS-30,11,dataset/cutout-folder/cutouts_tpt/WS-30/11
WS-30,12,dataset/cutout-folder/cutouts_tpt/WS-30/12
WS-30,13,dataset/cutout-folder/cutouts_tpt/WS-30/13
WS-30,14,dataset/cutout-folder/cutouts_tpt/WS-30/14
WS-30,15,dataset/cutout-folder/cutouts_tpt/WS-30/15
WS-30,16,dataset/cutout-folder/cutouts_tpt/WS-30/16
WS-30,17,dataset/cutout-folder/cutouts_tpt/WS-30/17
WS-30,18,dataset/cutout-folder/cutouts_tpt/WS-30/18
WS-30,19,dataset/cutout-folder/cutouts_tpt/WS-30/19
WS-30,20,dataset/cutout-folder/cutouts_tpt/WS-30/20
WS-30,21,dataset/cutout-folder/cutouts_tpt/WS-30/21
WS-30,22,dataset/cutout-folder/cutouts_tpt/WS-30/22
WS-30,23,dataset/cutout-folder/cutouts_tpt/WS-30/23
WS-30,24,dataset/cutout-folder/cutouts_tpt/WS-30/24
WS-40,1,dataset/cutout-folder/cutouts_tpt/WS-40/1
WS-40,2,dataset/cutout-folder/cutouts_tpt/WS-40/2
WS-40,3,dataset/cutout-folder/cutouts_tpt/WS-40/3
WS-40,4,dataset/cutout-folder/cutouts_tpt/WS-40/4
WS-40,5,dataset/cutout-folder/cutouts_tpt/WS-40/5
WS-40,6,dataset/cutout-folder/cutouts_tpt/WS-40/6
WS-40,7,dataset/cutout-folder/cutouts_tpt/WS-40/7
WS-40,8,dataset/cutout-folder/cutouts_tpt/WS-40/8
WS-40,9,dataset/cutout-folder/cutouts_tpt/WS-40/9
WS-40,10,dataset/cutout-folder/cutouts_tpt/WS-40/10
WS-40,11,dataset/cutout-folder/cutouts_tpt/WS-40/11
WS-40,12,dataset/cutout-folder/cutouts_tpt/WS-40/12
WS-40,13,dataset/cutout-folder/cutouts_tpt/WS-40/13
WS-40,14,dataset/cutout-folder/cutouts_tpt/WS-40/14
WS-40,15,dataset/cutout-folder/cutouts_tpt/WS-40/15
WS-40,16,dataset/cutout-folder/cutouts_tpt/WS-40/16
WS-40,17,dataset/cutout-folder/cutouts_tpt/WS-40/17
WS-40,18,dataset/cutout-folder/cutouts_tpt/WS-40/18
WS-40,19,dataset/cutout-folder/cutouts_tpt/WS-40/19
WS-40,20,dataset/cutout-folder/cutouts_tpt/WS-40/20
WS-40,21,dataset/cutout-folder/cutouts_tpt/WS-40/21
WS-40,22,dataset/cutout-folder/cutouts_tpt/WS-40/22
WS-40,23,dataset/cutout-folder/cutouts_tpt/WS-40/23
WS-40,24,dataset/cutout-folder/cutouts_tpt/WS-40/24
WS-29,1,dataset/cutout-folder/cutouts_tpt/WS-29/1
WS-29,2,dataset/cutout-folder/cutouts_tpt/WS-29/2
WS-29,3,dataset/cutout-folder/cutouts_tpt/WS-29/3
WS-29,4,dataset/cutout-folder/cutouts_tpt/WS-29/4
WS-29,5,dataset/cutout-folder/cutouts_tpt/WS-29/5
WS-29,6,dataset/cutout-folder/cutouts_tpt/WS-29/6
WS-29,7,dataset/cutout-folder/cutouts_tpt/WS-29/7
WS-29,8,dataset/cutout-folder/cutouts_tpt/WS-29/8
WS-29,9,dataset/cutout-folder/cutouts_tpt/WS-29/9
WS-29,10,dataset/cutout-folder/cutouts_tpt/WS-29/10
WS-29,11,dataset/cutout-folder/cutouts_tpt/WS-29/11
WS-29,12,dataset/cutout-folder/cutouts_tpt/WS-29/12
WS-29,13,dataset/cutout-folder/cutouts_tpt/WS-29/13
WS-29,14,dataset/cutout-folder/cutouts_tpt/WS-29/14
WS-29,15,dataset/cutout-folder/cutouts_tpt/WS-29/15
WS-29,16,dataset/cutout-folder/cutouts_tpt/WS-29/16
WS-29,17,dataset/cutout-folder/cutouts_tpt/WS-29/17
WS-29,18,dataset/cutout-folder/cutouts_tpt/WS-29/18
WS-29,19,dataset/cutout-folder/cutouts_tpt/WS-29/19
WS-29,20,dataset/cutout-folder/cutouts_tpt/WS-29/20
WS-29,21,dataset/cutout-folder/cutouts_tpt/WS-29/21
WS-29,22,dataset/cutout-folder/cutouts_tpt/WS-29/22
WS-29,23,dataset/cutout-folder/cutouts_tpt/WS-29/23
WS-29,24,dataset/cutout-folder/cutouts_tpt/WS-29/24
WS-54,1,dataset/cutout-folder/cutouts_tpt/WS-54/1
WS-54,2,dataset/cutout-folder/cutouts_tpt/WS-54/2
WS-54,3,dataset/cutout-folder/cutouts_tpt/WS-54/3
WS-54,4,dataset/cutout-folder/cutouts_tpt/WS-54/4
WS-54,5,dataset/cutout-folder/cutouts_tpt/WS-54/5
WS-54,6,dataset/cutout-folder/cutouts_tpt/WS-54/6
WS-54,7,dataset/cutout-folder/cutouts_tpt/WS-54/7
WS-54,8,dataset/cutout-folder/cutouts_tpt/WS-54/8
WS-54,9,dataset/cutout-folder/cutouts_tpt/WS-54/9
WS-54,10,dataset/cutout-folder/cutouts_tpt/WS-54/10
WS-54,11,dataset/cutout-folder/cutouts_tpt/WS-54/11
WS-54,12,dataset/cutout-folder/cutouts_tpt/WS-54/12
WS-54,13,dataset/cutout-folder/cutouts_tpt/WS-54/13
WS-54,14,dataset/cutout-folder/cutouts_tpt/WS-54/14
WS-54,15,dataset/cutout-folder/cutouts_tpt/WS-54/15
WS-54,16,dataset/cutout-folder/cutouts_tpt/WS-54/16
WS-54,17,dataset/cutout-folder/cutouts_tpt/WS-54/17
WS-54,18,dataset/cutout-folder/cutouts_tpt/WS-54/18
WS-54,19,dataset/cutout-folder/cutouts_tpt/WS-54/19
WS-54,20,dataset/cutout-folder/cutouts_tpt/WS-54/20
WS-54,21,dataset/cutout-folder/cutouts_tpt/WS-54/21
WS-54,22,dataset/cutout-folder/cutouts_tpt/WS-54/22
WS-54,23,dataset/cutout-folder/cutouts_tpt/WS-54/23
WS-54,24,dataset/cutout-folder/cutouts_tpt/WS-54/24
WS-08,1,dataset/cutout-folder/cutouts_tpt/WS-08/1
WS-08,2,dataset/cutout-folder/cutouts_tpt/WS-08/2
WS-08,3,dataset/cutout-folder/cutouts_tpt/WS-08/3
WS-08,4,dataset/cutout-folder/cutouts_tpt/WS-08/4
WS-08,5,dataset/cutout-folder/cutouts_tpt/WS-08/5
WS-08,6,dataset/cutout-folder/cutouts_tpt/WS-08/6
WS-08,7,dataset/cutout-folder/cutouts_tpt/WS-08/7
WS-08,8,dataset/cutout-folder/cutouts_tpt/WS-08/8
WS-08,9,dataset/cutout-folder/cutouts_tpt/WS-08/9
WS-08,10,dataset/cutout-folder/cutouts_tpt/WS-08/10
WS-08,11,dataset/cutout-folder/cutouts_tpt/WS-08/11
WS-08,12,dataset/cutout-folder/cutouts_tpt/WS-08/12
WS-08,13,dataset/cutout-folder/cutouts_tpt/WS-08/13
WS-08,14,dataset/cutout-folder/cutouts_tpt/WS-08/14
WS-08,15,dataset/cutout-folder/cutouts_tpt/WS-08/15
WS-08,16,dataset/cutout-folder/cutouts_tpt/WS-08/16
WS-08,17,dataset/cutout-folder/cutouts_tpt/WS-08/17
WS-08,18,dataset/cutout-folder/cutouts_tpt/WS-08/18
WS-08,19,dataset/cutout-folder/cutouts_tpt/WS-08/19
WS-08,20,dataset/cutout-folder/cutouts_tpt/WS-08/20
WS-08,21,dataset/cutout-folder/cutouts_tpt/WS-08/21
WS-08,22,dataset/cutout-folder/cutouts_tpt/WS-08/22
WS-08,23,dataset/cutout-folder/cutouts_tpt/WS-08/23
WS-08,24,dataset/cutout-folder/cutouts_tpt/WS-08/24
